glottocode,language_name,source_dataset,concept,raw_cognate_id,harmonised_cognate_id,form,lat,lon,dist_homeland_km,retention
amdo1237,Tibetan_Alike,sagartst,MOUNTAIN,121-themountain,H0000,r.ə,38.318508,92.839938,1060.7989143961886,0
bahi1252,Kiranti_Bahing,sagartst,MOUNTAIN,1404-themountain,H0001,k.o.ŋ.k.o,27.309472,86.430334,1873.971761115711,0
bant1281,Kiranti_Bantawa,sagartst,MOUNTAIN,815-themountain,H0002,ts.o.m.ts.u.r.i,27.117894,87.049995,1833.369668838723,0
beij1235,Sinitic_Beijing,sagartst,MOUNTAIN,1798-themountain,H0003,ʂ.a.n.⁵⁵,39.909056,116.397422,1221.3770908753272,0
boka1249,Tani_Bokar,sagartst,MOUNTAIN,4139-themountain,H0004,o.+.g.o,27.554547,93.15717,1320.3083428062087,0
byan1241,TibetoKinauri_Byangsi,sagartst,MOUNTAIN,393-themountain,H0005,j.ɛ̀,29.583838,80.22309,2308.4379711809743,0
chao1238,Sinitic_Chaozhou,sagartst,MOUNTAIN,1798-themountain,H0006,s.ũ.ã.∼.³³,23.657699,116.622317,1754.1158394768415,0
chao1239,Sinitic_Jieyang,sagartst,MOUNTAIN,1798-themountain,H0006,s.ũ.ã.∼.³³,23.551122,116.373013,1746.4883636899253,0
chep1245,Chepang_Chepang,sagartst,MOUNTAIN,3855-themountain,H0007,s.j.a.+.l.u.ŋ,27.785164,84.908801,1977.3216098637133,0
clas1254,Tibetan_Old_Tibetan,sagartst,MOUNTAIN,2509-themountain,H0008,s.g.a.ŋ,30.027852,91.158704,1323.5200186334196,0
diga1241,Deng_Darang_Taraon,sagartst,MOUNTAIN,2866-themountain,H0009,th.ɯ.⁵⁵.◦.j.ɑ.⁵⁵,28.657986,97.469136,936.5037085239524,0
drun1238,Nungic_Dulong,sagartst,MOUNTAIN,3997-themountain,H0010,l.ɯ.³¹.+.k.ɑ.⁵⁵,27.749017,98.691868,950.3989740917336,0
eree1240,Khroskyabs_Wobzi,sagartst,MOUNTAIN,673-themountain,H0011,pʰ.ɑ́,31.62758,101.427999,444.6359269168338,0
garo1247,Garo_Garo,sagartst,MOUNTAIN,3976-themountain,H0012,h.a.ʔ.+.b.r.i,25.504744,90.333226,1681.643687723516,0
guan1279,Sinitic_Guangzhou,sagartst,MOUNTAIN,1798-themountain,H0013,s.a.n.⁵³₅₅,23.131111,113.258099,1595.4352623846842,0
haka1240,Chin_Hakha,sagartst,MOUNTAIN,11-themountain,H0014,t.l.âa/a.ŋ,22.870089,92.820021,1730.18005941497,0
hakk1236,Sinitic_Longgang,sagartst,MOUNTAIN,1798-themountain,H0013,s.a.n.³³,22.725545,114.243825,1688.2113071871474,0
idum1241,Deng_Yidu,sagartst,MOUNTAIN,2866-themountain,H0010,m.ɑ.³¹.◦.j.ɑ.³⁵,29.448172,95.650179,998.3281775034461,0
karb1241,Karbi,sagartst,MOUNTAIN,10404-themountain,H0015,i.ng.l.o.ng,25.735084,93.050494,1469.3887328695669,0
khal1275,Kiranti_Khaling,sagartst,MOUNTAIN,2271-themountain,H0016,ʣʰ.e.s,27.390595,87.510016,1778.723827574318,0
kham1282,Tibetan_Batang,sagartst,MOUNTAIN,121-themountain,H0017,ʐ.ɪ.²³¹,30.00795,99.111944,719.660588515105,0
kulu1253,Kiranti_Kulung,sagartst,MOUNTAIN,677-themountain,H0018,b.u.r,27.690037,86.910944,1811.506621426413,0
limb1266,Kiranti_Limbu,sagartst,MOUNTAIN,2511-themountain,H0019,t.ɔ.k.s.ɔ.ŋ,27.272065,87.889909,1754.3589546328221,0
lisu1250,Loloish_Lisu,sagartst,MOUNTAIN,2509-themountain,H0020,k.o̱.³³,25.950046,98.848486,1120.405191780101,0
lush1249,Mizo_Lushai,sagartst,MOUNTAIN,11-themountain,H0014,t.l.â.ŋ,22.60535,92.629457,1765.4760217143903,0
maru1249,Burmish_Maru,sagartst,MOUNTAIN,1274-themountain,H0021,p.a.m.³¹,24.939981,99.83,1188.2000081682343,0
nucl1310,Burmish_Rangoon,sagartst,MOUNTAIN,1079-themountain,H0022,t.ɑ̃.u.∼.²²,16.874207,96.190785,2159.4171097168146,0
oldb1235,Burmish_Old_Burmese,sagartst,MOUNTAIN,1079-themountain,H0023,t.o₂.ṅ,21.624974,97.126742,1631.1373031732667,0
oldc1244,Sinitic_Old_Chinese,sagartst,MOUNTAIN,1798-themountain,H0024,s.+.ŋ.r.a.r,34.101745,108.777868,448.7745727718275,0
rabh1238,Rabha,sagartst,MOUNTAIN,10403-themountain,H0025,h.á.+.tʃ.u,25.820135,91.170064,1596.0857772457657,0
situ1238,rGyalrong_Maerkang,sagartst,MOUNTAIN,673-themountain,H0026,t.ɑ._.w.ɑ.t,31.868614,102.295293,382.42303892245303,0
tang1334,Tangut,sagartst,MOUNTAIN,3760-themountain,H0027,ŋ.ə.r.¹,38.477453,106.285383,436.9825453921547,0
thul1246,Kiranti_Thulung,sagartst,MOUNTAIN,4079-themountain,H0028,dz.ɵ.dz.ɵ.l.u.ŋ,27.534944,87.609608,1761.839893233349,0
ukhr1238,Naga_Ukhrul,sagartst,MOUNTAIN,2083-themountain,H0029,k.ə.+.pʰ.u.ŋ,25.092617,94.37045,1438.025217355371,0
utsa1239,Tibetan_Lhasa,sagartst,MOUNTAIN,121-themountain,H0030,r.i.¹³,29.653441,91.171493,1342.5052526765019,0
wayu1241,Kiranti_Hayu,sagartst,MOUNTAIN,10229-themountain,H0031,tsʰ.aː.d.z.ʊ,27.302102,86.099009,1902.3678956586232,0
acha1249,Achang_Longchuan,zhangst,MOUNTAIN,163,H0032,*s-bʷa(m/p),24.35,97.74,1328.9044701511132,1
aona1235,Ao_Mongsen_Longchang,zhangst,MOUNTAIN,3581,H0033,*s-gaŋ,26.27,94.41,1334.2861662782211,0
horp1239,Daofu,zhangst,MOUNTAIN,6076,H0034,*ri,31.1,101.72,482.8843570753132,0
kach1280,Jingpho,zhangst,MOUNTAIN,163,H0032,*s-bʷa(m/p),25.46,97.33,1238.5068277115624,1
khum1248,Khumi,zhangst,MOUNTAIN,4772,H0035,*mual,22.87,92.99,1719.924465261033,0
lahu1252,Lahu_Yellow,zhangst,MOUNTAIN,3581,H0033,*s-gaŋ,21.21,100.97,1561.657401979799,0
lahu1253,Lahu_Lancang,zhangst,MOUNTAIN,3581,H0033,*s-gaŋ,22.53,99.91,1442.3535694800225,0
lash1243,Leqi_Luxi,zhangst,MOUNTAIN,163,H0032,*s-bʷa(m/p),26.1,98.55,1118.2892931239362,1
loth1237,Lotha_Naga,zhangst,MOUNTAIN,6904,H0036,*pʰuŋ,26.01,94.04,1380.3561648639704,0
mana1288,Manang_Prakaa,zhangst,MOUNTAIN,3581,H0033,*s-gaŋ,28.64,84.05,2008.7807100942473,0
nung1282,Anong,zhangst,MOUNTAIN,2453,H0037,*m-l(e/ə)y,27.29,98.73,992.8123230119365,0
nyis1236,Bengni,zhangst,MOUNTAIN,6222,H0034,*di,28.41,92.96,1274.440260487905,0
pela1242,Bola_Luxi,zhangst,MOUNTAIN,163,H0032,*s-bʷa(m/p),24.21,97.92,1335.2627433643606,1
quey1238,Queyu_Yajiang_Zhaba,zhangst,MOUNTAIN,6076,H0034,*ri,30.31,100.81,600.8636267474817,0
tang1336,Tangkhul,zhangst,MOUNTAIN,6904,H0036,*pʰuŋ,25.05,94.36,1442.4179195756658,0
tawa1289,Cuona_Menba,zhangst,MOUNTAIN,6076,H0034,*ri,27.77,92.18,1378.5846982315834,0
thad1238,Thado,zhangst,MOUNTAIN,5263,H0038,*klaaŋ,24.1,93.72,1565.6669582714248,0
thak1245,Thakali_Tukche,zhangst,MOUNTAIN,3581,H0033,*s-gaŋ,28.7,83.65,2041.1501037601092,0
tibe1272,Tibetan_Lhasa,zhangst,MOUNTAIN,6076,H0034,*ri,28.37,90.19,1498.2093718985184,0
zaiw1241,Atsi_Zaiwa,zhangst,MOUNTAIN,163,H0032,*s-bʷa(m/p),24.17,98.36,1321.297554559823,1
akha1245,Aka,peirosst,MOUNTAIN,55-946,H0039,phu-deu,21.2309,100.964,1559.4820020131797,0
apat1240,Apatari,peirosst,MOUNTAIN,55-4327,H0040,yorbɨ,27.1933,93.7284,1306.2450529663963,0
bodo1269,Bodo,peirosst,MOUNTAIN,55-1193,H0041,hazəʔ,26.1,92.0,1514.3147807715686,0
bori1243,Bokar,peirosst,MOUNTAIN,55-4327,H0042,o_go,27.62812,94.3538,1228.2794979732182,0
bugu1246,Bugun,peirosst,MOUNTAIN,55-1679,H0043,lahe,27.1929556,92.4713002,1397.7108462905592,0
chok1243,Chokri,peirosst,MOUNTAIN,55-2734,H0044,chezɨthu,25.5636,94.2887,1402.1576579808552,0
dakp1242,Motuo-M,peirosst,MOUNTAIN,55-737,H0045,ri_wu,27.3762,91.8245,1433.357347104397,0
dhim1246,Dhimal,peirosst,MOUNTAIN,55-1679,H0046,lakh,26.6283,88.3798,1754.9585738082192,0
dima1251,Dimasa,peirosst,MOUNTAIN,55-1193,H0047,haʒu,25.4198,93.1806,1486.5437389831989,0
ersu1241,Ersu,peirosst,MOUNTAIN,55-24,H0048,nbi⁵⁵,29.2867,102.213,657.1519811895388,0
gang1266,Gangte,peirosst,MOUNTAIN,55-1959,H0049,taŋ,24.5113,94.1681,1501.8344301275158,0
geba1237,Geba,peirosst,MOUNTAIN,55-1679,H0050,khɔ⁴⁴_laʔ⁵³,19.4991,96.9492,1857.7448661958715,0
geko1235,Geker,peirosst,MOUNTAIN,55-2197,H0051,khəõ⁵³,19.6741,96.5308,1855.3871582257811,0
guiq1238,Guiqiong,peirosst,MOUNTAIN,55-737,H0052,ẓɨ³⁵,30.4803,102.128,532.1592707848653,0
guru1261,Gurung,peirosst,MOUNTAIN,55-938,H0053,ḍãː¹ḍa,27.41687,86.28988,1879.6360426266672,0
hmar1241,Hmar,peirosst,MOUNTAIN,55-1959,H0054,tlaːŋ,24.7534,93.5497,1518.9796936889322,0
jian1239,Jianchuan Bai,peirosst,MOUNTAIN,55-2734,H0055,sü²,26.538056,99.91,1018.5533770778444,0
jire1238,Jirel,peirosst,MOUNTAIN,55-24,H0056,bom_L¹,27.6931,86.3201,1861.4178187731127,0
kaik1246,Kaike,peirosst,MOUNTAIN,55-1679,H0057,lɔ,28.853,83.1384,2079.2320551462203,0
khez1235,Khezhama,peirosst,MOUNTAIN,55-2734,H0058,kadjɨ_kede,25.7078,94.3114,1388.329140200855,0
kony1248,Konyak,peirosst,MOUNTAIN,55-666,H0059,răŋ,26.6823,95.0598,1257.3335059898745,0
lepc1244,Lepcha,peirosst,MOUNTAIN,55-2351,H0060,khu,27.0869,88.5726,1709.892734201602,0
lian1251,Liangmai,peirosst,MOUNTAIN,55-1959,H0061,lwaŋku,25.16,93.542,1484.602698770293,0
mand1415,Beijing,peirosst,MOUNTAIN,55-2734,H0062,shān_,40.0209,116.228,1212.9701931691116,0
mani1292,Manipuri,peirosst,MOUNTAIN,55-4478,H0063,chiŋʒao,24.4409,93.3426,1559.176767978475,0
manu1255,Manu,peirosst,MOUNTAIN,55-1679,H0064,kha³³_lø̣¹¹,19.165,96.9531,1892.4512372553781,0
maon1238,Mao,peirosst,MOUNTAIN,55-2734,H0065,oʒɨpfoki,25.3836,94.0035,1435.7951713655502,0
mara1379,Maram,peirosst,MOUNTAIN,55-1959,H0066,rawoŋ,25.4378,94.2205,1417.325019770518,0
mind1253,Fuzhou,peirosst,MOUNTAIN,55-2734,H0067,saŋ⁵⁵,26.0,119.5,1787.1999293012702,0
namu1246,Namuzi,peirosst,MOUNTAIN,55-2351,H0068,gɛ³³_ku³³,28.5909,101.898,739.7688963774963,0
naxi1245,Ninglang-Naxi,peirosst,MOUNTAIN,55-1193,H0069,ʒ́i³¹_ɣo¹³,27.5,100.0,916.3132146018623,0
nisi1238,Nishi,peirosst,MOUNTAIN,55-946,H0070,modi,23.418,104.85,1290.4818006264786,0
noct1238,Nocte,peirosst,MOUNTAIN,55-2351,H0071,hako,27.152,95.3903,1196.380669740511,0
nort2722,N-Qiang,peirosst,MOUNTAIN,55-24,H0072,qhsəp,32.2766,103.192,311.9257304859849,0
nort2732,Tujia,peirosst,MOUNTAIN,55-2351,H0073,khu¹_ca¹,29.3016,109.759,833.5708207467916,0
nusu1239,Rourou,peirosst,MOUNTAIN,55-4123,H0074,ɔ³¹_ɔ³¹,26.7292,98.8801,1041.010914624464,0
paok1235,Pa'O,peirosst,MOUNTAIN,55-2197,H0075,kɔŋ²²,20.211,97.5969,1760.1738643219808,0
phom1236,Phom,peirosst,MOUNTAIN,55-2734,H0076,kašaŋ,26.4715,94.7476,1295.3352260120537,0
poch1243,Pochuri,peirosst,MOUNTAIN,55-2734,H0077,kɨžiho,25.4478,94.1119,1423.3641072082253,0
rawa1265,Rawang,peirosst,MOUNTAIN,55-1193,H0078,rəzi,27.1027,97.0738,1097.6712001094809,0
sang1321,Sangtam,peirosst,MOUNTAIN,55-2734,H0079,azuŋ,25.8581,94.6279,1355.299732264246,0
sgaw1245,Sgaw,peirosst,MOUNTAIN,55-2734,H0080,kəsə̣⁵³,17.9872,97.7126,1991.2455924335136,0
sher1255,Sherpa,peirosst,MOUNTAIN,55-2351,H0060,khɛ,27.674,86.9994,1804.9557638067263,0
sher1257,Serdukpen,peirosst,MOUNTAIN,55-1679,H0081,lu,27.0035,92.5799,1403.678404660261,0
shix1238,Shixing,peirosst,MOUNTAIN,55-2734,H0082,ʒ̣ũ⁵³_la⁵⁵,28.3895,100.4,809.95462841048,0
sout2728,S-Qiangqin,peirosst,MOUNTAIN,55-2734,H0083,chuə⁵⁵,31.5392,103.384,389.0585404202817,0
sunw1242,Sunwar,peirosst,MOUNTAIN,55--1,H0084,pahaːḍaA_NPL,27.5201,86.2476,1877.3307121310345,0
tagi1241,Tagin,peirosst,MOUNTAIN,55-946,H0070,modi,27.986064,94.221711,1210.372626174659,0
tara1313,Taraon,peirosst,MOUNTAIN,55-4399,H0085,thɨi¹_ja¹,24.4003,94.1703,1511.6038011358826,0
wanc1238,Wancho,peirosst,MOUNTAIN,55-2351,H0086,hahoa,26.2581,94.8936,1304.0843156058888,0
west2409,W. Kayah,peirosst,MOUNTAIN,55-2734,H0087,sho¹¹,18.687,97.4877,1924.2319278583577,0
yimc1240,Yimchunrü,peirosst,MOUNTAIN,55-2734,H0088,mɨzɨŋ,25.7675,94.8087,1351.8111670761573,0
yinb1236,Yeinbaw,peirosst,MOUNTAIN,55-2734,H0089,ʃhvu¹¹,19.0383,97.2134,1896.5082534041449,0
yint1235,Yintale,peirosst,MOUNTAIN,55-2734,H0090,shauw³³,18.9378,97.3368,1902.8341701422619,0
youl1235,Jinuo,peirosst,MOUNTAIN,55-1003,H0091,ɣɨ⁴²_tha⁵⁵,22.0473,101.057,1468.4657729773623,0
zeme1240,Zeme,peirosst,MOUNTAIN,55-1959,H0092,peloa,25.3499,93.6463,1461.7053157246803,0
zhab1238,Zhaba,peirosst,MOUNTAIN,55-24,H0093,pum²¹,30.7416,100.983,550.924197330543,0
acha1249,Burmish_Achang,sagartst,TREE,3396-thetree,H0000,s.a.ŋ.³¹.+.ts.e.ŋ.⁵⁵,24.466605,97.89503,1310.4584507776617,0
amdo1237,Tibetan_Xiahe,sagartst,TREE,134-thetree,H0001,d.o.ŋ._.w.o,35.210549,102.524979,136.2058003698103,0
bahi1252,Kiranti_Bahing,sagartst,TREE,1424-thetree,H0002,d.ɛ.k.s.i,27.309472,86.430334,1873.971761115711,0
bant1281,Kiranti_Bantawa,sagartst,TREE,3396-thetree,H0003,s.ɨ.ŋ,27.117894,87.049995,1833.369668838723,0
beij1235,Sinitic_Beijing,sagartst,TREE,1855-thetree,H0004,j.i.⁵¹.kʰ.ɯ.ɤ.⁵⁵.ʂ.u.⁵¹,39.909056,116.397422,1221.3770908753272,0
boka1249,Tani_Bokar,sagartst,TREE,3396-thetree,H0005,ɯ.+.ɕ.ɯ.ŋ,27.554547,93.15717,1320.3083428062087,0
chao1238,Sinitic_Chaozhou,sagartst,TREE,1855-thetree,H0006,tsʰ.i.u.¹¹,23.657699,116.622317,1754.1158394768415,0
chao1239,Sinitic_Jieyang,sagartst,TREE,1855-thetree,H0006,tsʰ.i.u.¹¹,23.551122,116.373013,1746.4883636899253,0
chep1245,Chepang_Chepang,sagartst,TREE,3396-thetree,H0007,s.i.ŋ.ʔ,27.785164,84.908801,1977.3216098637133,0
clas1254,Tibetan_Old_Tibetan,sagartst,TREE,3396-thetree,H0008,ɕ.i.ŋ,30.027852,91.158704,1323.5200186334196,0
diga1241,Deng_Darang_Taraon,sagartst,TREE,3396-thetree,H0000,m.ɑ.³¹.◦.s.ɯ.ŋ.⁵⁵,28.657986,97.469136,936.5037085239524,0
drun1238,Nungic_Dulong,sagartst,TREE,3396-thetree,H0009,ɕ.i.ŋ.⁵⁵,27.749017,98.691868,950.3989740917336,0
eree1240,Khroskyabs_Wobzi,sagartst,TREE,3396-thetree,H0010,s.æ.pʰ.ô,31.62758,101.427999,444.6359269168338,0
gahr1239,TibetoKinauri_Bunan,sagartst,TREE,156-thetree,H0011,b.u.ʈ.a,32.554766,77.076283,2495.6732125101294,0
garo1247,Garo_Garo,sagartst,TREE,2648-thetree,H0012,b.o.l.b.i.p.a.n.g,25.504744,90.333226,1681.643687723516,0
guan1279,Sinitic_Guangzhou,sagartst,TREE,1855-thetree,H0013,j.ɐ.t.⁵.pʰ.ɔ.⁵³.s.y.²²,23.131111,113.258099,1595.4352623846842,0
haka1240,Chin_Hakha,sagartst,TREE,3396-thetree,H0008,tʰ.î/i.ŋ,22.870089,92.820021,1730.18005941497,0
hakk1236,Sinitic_Longgang,sagartst,TREE,1855-thetree,H0014,s.u.⁵⁵,22.725545,114.243825,1688.2113071871474,0
horp1240,rGyalrong_Daofu,sagartst,TREE,3679-thetree,H0015,l.ə.+.pʰ.u,30.975281,101.123742,521.7054362968274,0
idum1241,Deng_Yidu,sagartst,TREE,3396-thetree,H0016,m.ɑ.⁵⁵.◦.s.e.ŋ.⁵⁵.◦.b.o.ŋ.³⁵,29.448172,95.650179,998.3281775034461,0
japh1234,rGyalrong_Japhug,sagartst,TREE,3396-thetree,H0017,s.i,32.207076,101.957636,363.6022875593547,0
jing1260,Jingpho_Jingpho,sagartst,TREE,2648-thetree,H0018,ph.u.n.⁵⁵,25.461826,97.329866,1238.3367524045464,0
karb1241,Karbi,sagartst,TREE,3396-thetree,H0019,th.e.ng.p.ī,25.735084,93.050494,1469.3887328695669,0
khal1275,Kiranti_Khaling,sagartst,TREE,3396-thetree,H0003,s.ʌ̄.ŋ,27.390595,87.510016,1778.723827574318,0
kham1282,Tibetan_Batang,sagartst,TREE,3396-thetree,H0000,x.ĩ.∼.⁵⁵.◦.ph.ũ.∼.⁵⁵,30.00795,99.111944,719.660588515105,0
kulu1253,Kiranti_Kulung,sagartst,TREE,3396-thetree,H0020,s.i:.tʃʰ.ɔ,27.690037,86.910944,1811.506621426413,0
lash1243,Burmish_Lashi,sagartst,TREE,3396-thetree,H0009,s.ə̰.k.⁵⁵,24.111512,98.311333,1329.2153112599874,0
limb1266,Kiranti_Limbu,sagartst,TREE,3396-thetree,H0021,s.i.ŋ.b.u.ŋ,27.272065,87.889909,1754.3589546328221,0
lush1249,Mizo_Lushai,sagartst,TREE,3396-thetree,H0008,tʰ.i.ŋ,22.60535,92.629457,1765.4760217143903,0
maru1249,Burmish_Maru,sagartst,TREE,3396-thetree,H0009,s.a̰.k.⁵⁵,24.939981,99.83,1188.2000081682343,0
nucl1310,Burmish_Rangoon,sagartst,TREE,3396-thetree,H0022,tθ.i.ʔ.⁴.+.p.ĩ.∼.²²,16.874207,96.190785,2159.4171097168146,0
oldb1235,Burmish_Old_Burmese,sagartst,TREE,3396-thetree,H0023,s.a.c.◦.p.a.ṅ,21.624974,97.126742,1631.1373031732667,0
oldc1244,Sinitic_Old_Chinese,sagartst,TREE,3678-thetree,H0024,C/.+.mˤ.o.k,34.101745,108.777868,448.7745727718275,0
pela1242,Burmish_Bola,sagartst,TREE,3396-thetree,H0009,s.a.k.⁵⁵,24.405004,98.234243,1302.401791237173,0
rabh1238,Rabha,sagartst,TREE,2648-thetree,H0025,p.a.n,25.820135,91.170064,1596.0857772457657,0
situ1238,rGyalrong_Maerkang,sagartst,TREE,3396-thetree,H0015,ʃ.ə._.ph.u,31.868614,102.295293,382.42303892245303,0
tang1334,Tangut,sagartst,TREE,3396-thetree,H0026,s.j.i.¹,38.477453,106.285383,436.9825453921547,0
thul1246,Kiranti_Thulung,sagartst,TREE,1424-thetree,H0002,d.ʌ.k.s.a,27.534944,87.609608,1761.839893233349,0
tsha1245,Bodic_Tshangla,sagartst,TREE,3396-thetree,H0008,ɕ.i.ŋ,29.325414,95.340883,1030.033069380369,0
ukhr1238,Naga_Ukhrul,sagartst,TREE,3396-thetree,H0027,tʰ.i.ŋ.+.r.o.ŋ,25.092617,94.37045,1438.025217355371,0
utsa1239,Tibetan_Lhasa,sagartst,TREE,3396-thetree,H0000,ɕ.i.ŋ.⁵⁵.◦.t.u.ŋ.⁵⁵,29.653441,91.171493,1342.5052526765019,0
wayu1241,Kiranti_Hayu,sagartst,TREE,3396-thetree,H0021,s.i.ŋ.pʰ.u.m,27.302102,86.099009,1902.3678956586232,0
xian1249,Burmish_Xiandao,sagartst,TREE,3396-thetree,H0009,ʂ.ɯ.k.⁵⁵,24.494153,97.753173,1313.8804221116504,0
zaiw1241,Burmish_Atsi,sagartst,TREE,3396-thetree,H0009,s.i.k.⁵⁵,24.193367,97.806689,1341.7666725001268,0
zhab1238,Qiangic_Zhaba,sagartst,TREE,3396-thetree,H0028,sʰ.ɛ.³³.◦.p.u.⁵⁵,30.538892,101.058397,567.117814082663,0
aona1235,Ao_Mongsen_Longchang,zhangst,TREE,2658,H0029,*si(ŋ/k),26.27,94.41,1334.2861662782211,1
apat1240,Apatani,zhangst,TREE,2658,H0029,*si(ŋ/k),27.19,93.73,1306.3871926688134,1
axiy1235,Yi_Mile,zhangst,TREE,2658,H0029,*si(ŋ/k),24.41,103.43,1178.8331988358536,1
bori1243,Bokar_Lhoba,zhangst,TREE,2658,H0029,*si(ŋ/k),29.06,94.22,1133.1330115671553,1
chan1313,Chang,zhangst,TREE,2176,H0030,*(b/p)ul,26.43,94.95,1285.8035143462516,0
daai1236,Daai,zhangst,TREE,2658,H0029,*si(ŋ/k),20.73,93.79,1874.81478135572,1
ersu1241,Ersu,zhangst,TREE,2658,H0029,*si(ŋ/k),29.29,102.21,656.8687899865671,1
hani1248,Hani_Caiyuan,zhangst,TREE,2658,H0029,*si(ŋ/k),23.26,101.64,1325.2665676798108,1
horp1239,Ergong_Danba,zhangst,TREE,2658,H0029,*si(ŋ/k),31.59,105.31,398.2305059825375,1
kach1280,Jingpho,zhangst,TREE,2176,H0030,*(b/p)ul,25.46,97.33,1238.5068277115624,0
kaya1315,Kayan_Pekon,zhangst,TREE,2658,H0029,*si(ŋ/k),19.52,97.41,1839.1364121276622,1
khum1248,Khumi,zhangst,TREE,2358,H0031,*kuːŋ,22.87,92.99,1719.924465261033,0
kinn1249,Kanauri,zhangst,TREE,2658,H0029,*si(ŋ/k),31.37,78.31,2417.6428451081974,1
kony1248,Konyak,zhangst,TREE,2176,H0030,*(b/p)ul,26.68,95.06,1257.5151356753129,0
lahu1252,Lahu_Yellow,zhangst,TREE,2658,H0029,*si(ŋ/k),21.21,100.97,1561.657401979799,1
lahu1253,Lahu_Lancang,zhangst,TREE,2658,H0029,*si(ŋ/k),22.53,99.91,1442.3535694800225,1
lian1251,Liangmei,zhangst,TREE,2658,H0029,*si(ŋ/k),25.16,93.54,1484.7323142297278,1
lisu1250,Lisu_Northern,zhangst,TREE,2658,H0029,*si(ŋ/k),26.0,98.0,1153.4723020700694,1
lizu1234,Lyuzu,zhangst,TREE,2658,H0029,*si(ŋ/k),27.93,101.28,827.2838040143585,1
loth1237,Lotha_Naga,zhangst,TREE,2658,H0029,*si(ŋ/k),26.01,94.04,1380.3561648639704,1
mana1288,Manang_Prakaa,zhangst,TREE,2658,H0029,*si(ŋ/k),28.64,84.05,2008.7807100942473,1
munc1235,Ngmüün,zhangst,TREE,2658,H0029,*si(ŋ/k),20.29,94.39,1887.331625190324,1
namu1246,Namuyi,zhangst,TREE,2658,H0029,*si(ŋ/k),28.59,101.9,739.8149357016125,1
naxi1245,Naxi_Yongning,zhangst,TREE,6123,H0032,*dziŋ,26.7,101.01,965.8927434833855,0
ngal1291,Matu,zhangst,TREE,2658,H0029,*si(ŋ/k),23.31,92.83,1690.38538303229,1
nort2722,Qiang_Longxi,zhangst,TREE,2658,H0029,*si(ŋ/k),31.54,103.38,389.0254036868315,1
nort2723,Pumi_Taoba,zhangst,TREE,2658,H0029,*si(ŋ/k),28.16,100.86,816.5264589643625,1
nung1282,Anong,zhangst,TREE,2658,H0029,*si(ŋ/k),27.29,98.73,992.8123230119365,1
nusu1239,Nusu_Northern,zhangst,TREE,2658,H0029,*si(ŋ/k),26.62,98.9,1050.9938010018714,1
nyis1236,Bengni,zhangst,TREE,2658,H0029,*si(ŋ/k),28.41,92.96,1274.440260487905,1
paok1235,Pa_O,zhangst,TREE,2658,H0029,*si(ŋ/k),20.21,97.6,1760.1703325831961,1
phom1236,Phom,zhangst,TREE,2176,H0030,*(b/p)ul,26.47,94.75,1295.3058601571809,0
quey1238,Queyu_Yajiang_Zhaba,zhangst,TREE,2658,H0029,*si(ŋ/k),30.31,100.81,600.8636267474817,1
sang1321,Sangtam,zhangst,TREE,2658,H0029,*si(ŋ/k),25.86,94.63,1355.0032104293748,1
sani1269,Yi_Sani,zhangst,TREE,2658,H0029,*si(ŋ/k),24.28,103.76,1192.2339615073279,1
shix1238,Xumi,zhangst,TREE,2658,H0029,*si(ŋ/k),28.28,100.65,811.5861880406679,1
sout2723,Yi_Mojiang,zhangst,TREE,2658,H0029,*si(ŋ/k),23.06,101.41,1351.1718893131542,1
sout2729,Pumi_Qinghua,zhangst,TREE,2658,H0029,*si(ŋ/k),26.87,99.46,1002.0297649270044,1
sumi1235,Sema_Sumi,zhangst,TREE,2658,H0029,*si(ŋ/k),26.0,94.42,1356.4316352331837,1
tang1336,Tangkhul,zhangst,TREE,2658,H0029,*si(ŋ/k),25.05,94.36,1442.4179195756658,1
tawa1289,Cuona_Menba,zhangst,TREE,2658,H0029,*si(ŋ/k),27.77,92.18,1378.5846982315834,1
tedi1235,Tiddim,zhangst,TREE,2658,H0029,*si(ŋ/k),23.61,93.52,1621.533954780017,1
thad1238,Thado,zhangst,TREE,2658,H0029,*si(ŋ/k),24.1,93.72,1565.6669582714248,1
tibe1272,Tibetan_Lhasa,zhangst,TREE,2658,H0029,*si(ŋ/k),28.37,90.19,1498.2093718985184,1
west2418,Magar,zhangst,TREE,2658,H0029,*si(ŋ/k),27.41,87.06,1815.1803177670772,1
wudi1238,Yi_Wuding,zhangst,TREE,2658,H0029,*si(ŋ/k),25.48,102.48,1068.5522927948527,1
wusa1235,Yi_Dafang,zhangst,TREE,2658,H0029,*si(ŋ/k),25.77,102.37,1038.1183765271992,1
xish1235,Yi_Nanjian,zhangst,TREE,2658,H0029,*si(ŋ/k),25.04,100.52,1156.8238573825931,1
youl1235,Jinuo_Youle,zhangst,TREE,6123,H0032,*dziŋ,22.05,101.06,1468.113776753375,0
zeme1240,Zeme,zhangst,TREE,2658,H0029,*si(ŋ/k),25.35,93.65,1461.4561759465382,1
akha1245,Aka,peirosst,TREE,90-1513,H0033,šo,21.2309,100.964,1559.4820020131797,0
bodo1269,Bodo,peirosst,TREE,90-241,H0034,bompaŋ,26.1,92.0,1514.3147807715686,0
bugu1246,Bugun,peirosst,TREE,90-241,H0035,рɨŋ-mua,27.1929556,92.4713002,1397.7108462905592,0
chok1243,Chokri,peirosst,TREE,90-1513,H0036,sɨbo,25.5636,94.2887,1402.1576579808552,0
dakp1242,Motuo-M,peirosst,TREE,90-1513,H0037,śiŋ,27.3762,91.8245,1433.357347104397,0
dhim1246,Dhimal,peirosst,TREE,90-1513,H0038,sute,26.6283,88.3798,1754.9585738082192,0
dima1251,Dimasa,peirosst,TREE,90-241,H0034,bophaŋ,25.4198,93.1806,1486.5437389831989,0
dumi1241,Dumi,peirosst,TREE,90-241,H0039,bhu,27.45849,86.75699,1837.8112764037203,0
gang1266,Gangte,peirosst,TREE,90-1513,H0040,thiŋ,24.5113,94.1681,1501.8344301275158,0
geba1237,Geba,peirosst,TREE,90-1513,H0041,ṭoʔ⁵³,19.4991,96.9492,1857.7448661958715,0
geko1235,Geker,peirosst,TREE,90-1513,H0041,ṭəɨʔ⁵³,19.6741,96.5308,1855.3871582257811,0
guiq1238,Guiqiong,peirosst,TREE,90-241,H0042,sɛ̃³³_po⁵³,30.4803,102.128,532.1592707848653,0
guru1261,Gurung,peirosst,TREE,90--1,H0043,dũ⁴,27.41687,86.28988,1879.6360426266672,0
hmar1241,Hmar,peirosst,TREE,90-1513,H0040,thiŋ,24.7534,93.5497,1518.9796936889322,0
jian1239,Jianchuan Bai,peirosst,TREE,90-4574,H0044,cɨ³,26.538056,99.91,1018.5533770778444,0
jire1238,Jirel,peirosst,TREE,90-1057,H0045,doŋ_L²bo_L¹,27.6931,86.3201,1861.4178187731127,0
kaik1246,Kaike,peirosst,TREE,90-1057,H0046,ṭɔŋpu,28.853,83.1384,2079.2320551462203,0
khez1235,Khezhama,peirosst,TREE,90-1513,H0036,cɨbo,25.7078,94.3114,1388.329140200855,0
lepc1244,Lepcha,peirosst,TREE,90-2247,H0047,kuŋ,27.0869,88.5726,1709.892734201602,0
mand1415,Beijing,peirosst,TREE,90-4574,H0048,shù_,40.0209,116.228,1212.9701931691116,0
mani1292,Manipuri,peirosst,TREE,90-4407,H0049,u,24.4409,93.3426,1559.176767978475,0
manu1255,Manu,peirosst,TREE,90-1513,H0050,sø⁴⁴⁵⁵,19.165,96.9531,1892.4512372553781,0
maon1238,Mao,peirosst,TREE,90-1513,H0036,sɨbu,25.3836,94.0035,1435.7951713655502,0
mara1379,Maram,peirosst,TREE,90-1513,H0051,atiŋbaŋ,25.4378,94.2205,1417.325019770518,0
mind1253,Fuzhou,peirosst,TREE,90-4574,H0052,chiu³¹,26.0,119.5,1787.1999293012702,0
nisi1238,Nishi,peirosst,TREE,90-1513,H0053,seːm,23.418,104.85,1290.4818006264786,0
noct1238,Nocte,peirosst,TREE,90-241,H0054,baŋ,27.152,95.3903,1196.380669740511,0
nort2732,Tujia,peirosst,TREE,90-2759,H0055,kha⁴_moŋ⁴,29.3016,109.759,833.5708207467916,0
poch1243,Pochuri,peirosst,TREE,90-1513,H0056,athso,25.4478,94.1119,1423.3641072082253,0
rawa1265,Rawang,peirosst,TREE,90-1513,H0037,šiŋ,27.1027,97.0738,1097.6712001094809,0
reng1255,Rengma,peirosst,TREE,90-1513,H0057,saŋbin,21.710864,92.367939,1862.0452875491565,0
sgaw1245,Sgaw,peirosst,TREE,90-1513,H0041,ṭẽʔ⁵³,17.9872,97.7126,1991.2455924335136,0
sher1255,Sherpa,peirosst,TREE,90-1057,H0058,doŋbu,27.674,86.9994,1804.9557638067263,0
sher1257,Serdukpen,peirosst,TREE,90-1513,H0059,hiŋ-thuŋ,27.0035,92.5799,1403.678404660261,0
sout2728,S-Qiangqin,peirosst,TREE,90-241,H0060,pho⁵⁵,31.5392,103.384,389.0585404202817,0
sunw1242,Sunwar,peirosst,TREE,90-4407,H0061,rawaːA,27.5201,86.2476,1877.3307121310345,0
tagi1241,Tagin,peirosst,TREE,90-1513,H0062,saŋnə,27.986064,94.221711,1210.372626174659,0
tara1313,Taraon,peirosst,TREE,90-1513,H0063,ma³_sɨŋ¹,24.4003,94.1703,1511.6038011358826,0
thak1245,Thakali,peirosst,TREE,90--1,H0064,ṭuŋ⁴,28.7014,83.6466,2041.3836951019307,0
wanc1238,Wancho,peirosst,TREE,90-241,H0065,pan,26.2581,94.8936,1304.0843156058888,0
west2409,W. Kayah,peirosst,TREE,90-1513,H0066,ćɔ¹¹,18.687,97.4877,1924.2319278583577,0
yamp1242,Yamphu,peirosst,TREE,90-1513,H0067,siŋbu,27.6322,87.0441,1803.589647283499,0
yimc1240,Yimchunrü,peirosst,TREE,90-1513,H0068,saŋtuŋ,25.7675,94.8087,1351.8111670761573,0
yinb1236,Yeinbaw,peirosst,TREE,90-1513,H0069,θɨ̃¹¹_mɨ¹¹,19.0383,97.2134,1896.5082534041449,0
yint1235,Yintale,peirosst,TREE,90-1513,H0070,sein¹³,18.9378,97.3368,1902.8341701422619,0
acha1249,Burmish_Achang,sagartst,FIRE,1058-thefire,H0000,p.o.i.³¹,24.466605,97.89503,1310.4584507776617,0
amdo1237,Tibetan_Alike,sagartst,FIRE,1746-thefire,H0001,m.ȵ.e,38.318508,92.839938,1060.7989143961886,0
bahi1252,Kiranti_Bahing,sagartst,FIRE,1746-thefire,H0002,m.i,27.309472,86.430334,1873.971761115711,0
bant1281,Kiranti_Bantawa,sagartst,FIRE,1746-thefire,H0003,m.i.r.i,27.117894,87.049995,1833.369668838723,0
beij1235,Sinitic_Beijing,sagartst,FIRE,29759-thefire,H0004,x.u.ɔ.²¹⁴,39.909056,116.397422,1221.3770908753272,0
boka1249,Tani_Bokar,sagartst,FIRE,1746-thefire,H0005,ə.+.m.ə,27.554547,93.15717,1320.3083428062087,0
byan1241,TibetoKinauri_Byangsi,sagartst,FIRE,1746-thefire,H0006,m.ɨ.è,29.583838,80.22309,2308.4379711809743,0
chao1238,Sinitic_Chaozhou,sagartst,FIRE,29759-thefire,H0007,h.u.ɛ.⁵³,23.657699,116.622317,1754.1158394768415,0
chao1239,Sinitic_Jieyang,sagartst,FIRE,29759-thefire,H0007,h.u.ɛ.³¹,23.551122,116.373013,1746.4883636899253,0
chep1245,Chepang_Chepang,sagartst,FIRE,1746-thefire,H0008,h.m.e.ʔ,27.785164,84.908801,1977.3216098637133,0
clas1254,Tibetan_Old_Tibetan,sagartst,FIRE,1746-thefire,H0002,m.e,30.027852,91.158704,1323.5200186334196,0
diga1241,Deng_Darang_Taraon,sagartst,FIRE,1746-thefire,H0009,n.ɑ.³¹.◦.m.ɯ.n.⁵⁵,28.657986,97.469136,936.5037085239524,0
drun1238,Nungic_Dulong,sagartst,FIRE,1746-thefire,H0010,t.ɯ.⁵⁵.+.m.i.⁵⁵,27.749017,98.691868,950.3989740917336,0
eree1240,Khroskyabs_Wobzi,sagartst,FIRE,1746-thefire,H0011,ʁ.m.ə̂,31.62758,101.427999,444.6359269168338,0
gahr1239,TibetoKinauri_Bunan,sagartst,FIRE,1746-thefire,H0002,m.e,32.554766,77.076283,2495.6732125101294,0
garo1247,Garo_Garo,sagartst,FIRE,3940-thefire,H0012,w.a.l.ʔ,25.504744,90.333226,1681.643687723516,0
guan1279,Sinitic_Guangzhou,sagartst,FIRE,29759-thefire,H0013,f.ɔ.³⁵,23.131111,113.258099,1595.4352623846842,0
haka1240,Chin_Hakha,sagartst,FIRE,1746-thefire,H0014,m.â/a.y,22.870089,92.820021,1730.18005941497,0
hakk1236,Sinitic_Longgang,sagartst,FIRE,29759-thefire,H0013,f.ɔ.³²,22.725545,114.243825,1688.2113071871474,0
horp1240,rGyalrong_Daofu,sagartst,FIRE,1746-thefire,H0011,ɣ.m.ə,30.975281,101.123742,521.7054362968274,0
idum1241,Deng_Yidu,sagartst,FIRE,3715-thefire,H0009,m.ɑ.⁵⁵.◦.m.ɹ.u.⁵⁵,29.448172,95.650179,998.3281775034461,0
japh1234,rGyalrong_Japhug,sagartst,FIRE,1746-thefire,H0015,s.m.i,32.207076,101.957636,363.6022875593547,0
jing1260,Jingpho_Jingpho,sagartst,FIRE,3940-thefire,H0016,w.a.n.³¹,25.461826,97.329866,1238.3367524045464,0
karb1241,Karbi,sagartst,FIRE,1746-thefire,H0002,m.ē,25.735084,93.050494,1469.3887328695669,0
khal1275,Kiranti_Khaling,sagartst,FIRE,1746-thefire,H0002,m.i,27.390595,87.510016,1778.723827574318,0
kham1282,Tibetan_Batang,sagartst,FIRE,1746-thefire,H0017,ȵ.e.⁵³,30.00795,99.111944,719.660588515105,0
kulu1253,Kiranti_Kulung,sagartst,FIRE,1746-thefire,H0002,m.i,27.690037,86.910944,1811.506621426413,0
lash1243,Burmish_Lashi,sagartst,FIRE,1746-thefire,H0018,m.j.i.³³,24.111512,98.311333,1329.2153112599874,0
limb1266,Kiranti_Limbu,sagartst,FIRE,1746-thefire,H0002,m.i,27.272065,87.889909,1754.3589546328221,0
lisu1250,Loloish_Lisu,sagartst,FIRE,1843-thefire,H0019,ɑ.⁵⁵.◦.t.o.⁵⁵,25.950046,98.848486,1120.405191780101,0
lush1249,Mizo_Lushai,sagartst,FIRE,1746-thefire,H0017,m.e.i,22.60535,92.629457,1765.4760217143903,0
maru1249,Burmish_Maru,sagartst,FIRE,1746-thefire,H0018,m.j.i.³⁵,24.939981,99.83,1188.2000081682343,0
nucl1310,Burmish_Rangoon,sagartst,FIRE,1746-thefire,H0020,m.i.⁵⁵,16.874207,96.190785,2159.4171097168146,0
oldb1235,Burmish_Old_Burmese,sagartst,FIRE,1746-thefire,H0021,m.ī.ḥ,21.624974,97.126742,1631.1373031732667,0
oldc1244,Sinitic_Old_Chinese,sagartst,FIRE,29759-thefire,H0022,qʷʰˤ.ə.j.ʔ,34.101745,108.777868,448.7745727718275,0
pela1242,Burmish_Bola,sagartst,FIRE,1746-thefire,H0020,m.i.³¹,24.405004,98.234243,1302.401791237173,0
rabh1238,Rabha,sagartst,FIRE,3940-thefire,H0023,b.á.r,25.820135,91.170064,1596.0857772457657,0
rong1264,Tibeto_Kinauri_Rongpo,sagartst,FIRE,1746-thefire,H0002,mh.e,30.530044,79.569987,2331.452097172389,0
situ1238,rGyalrong_Maerkang,sagartst,FIRE,670-thefire,H0024,t.ə._.m.tʃ.ə.k,31.868614,102.295293,382.42303892245303,0
tang1334,Tangut,sagartst,FIRE,1746-thefire,H0025,m.əə.¹,38.477453,106.285383,436.9825453921547,0
thul1246,Kiranti_Thulung,sagartst,FIRE,1746-thefire,H0002,m.u,27.534944,87.609608,1761.839893233349,0
tsha1245,Bodic_Tshangla,sagartst,FIRE,1746-thefire,H0002,m.i,29.325414,95.340883,1030.033069380369,0
ukhr1238,Naga_Ukhrul,sagartst,FIRE,1746-thefire,H0017,m.e.j,25.092617,94.37045,1438.025217355371,0
utsa1239,Tibetan_Lhasa,sagartst,FIRE,1746-thefire,H0017,m.e.¹³,29.653441,91.171493,1342.5052526765019,0
wayu1241,Kiranti_Hayu,sagartst,FIRE,1746-thefire,H0002,m.e,27.302102,86.099009,1902.3678956586232,0
xian1249,Burmish_Xiandao,sagartst,FIRE,1058-thefire,H0026,n̩.⁵⁵.+.p.u.i.³¹,24.494153,97.753173,1313.8804221116504,0
zaiw1241,Burmish_Atsi,sagartst,FIRE,1746-thefire,H0018,m.j.i.²¹,24.193367,97.806689,1341.7666725001268,0
zhab1238,Qiangic_Zhaba,sagartst,FIRE,1746-thefire,H0017,ȵ.ʌ.¹³,30.538892,101.058397,567.117814082663,0
anga1288,Angami_Kohima,zhangst,FIRE,2136,H0027,*mey,25.68,93.87,1419.2177840500897,1
aona1235,Ao_Mongsen_Longchang,zhangst,FIRE,2136,H0027,*mey,26.27,94.41,1334.2861662782211,1
apat1240,Apatani,zhangst,FIRE,2136,H0027,*mey,27.19,93.73,1306.3871926688134,1
aton1241,Atong,zhangst,FIRE,5395,H0028,*hwa(l/r),25.35,90.66,1669.148903530942,0
bori1243,Bokar_Lhoba,zhangst,FIRE,2136,H0027,*mey,29.06,94.22,1133.1330115671553,1
chan1313,Chang,zhangst,FIRE,2152,H0029,*bʷar ⪤ *pʷar,26.43,94.95,1285.8035143462516,0
daai1236,Daai,zhangst,FIRE,2136,H0027,*mey,20.73,93.79,1874.81478135572,1
dima1251,Dimasa,zhangst,FIRE,2152,H0029,*bʷar ⪤ *pʷar,25.42,93.18,1486.5672045489355,0
ersu1241,Ersu,zhangst,FIRE,2136,H0027,*mey,29.29,102.21,656.8687899865671,1
guru1261,Gurung_Ghachok,zhangst,FIRE,2136,H0027,*mey,27.42,86.29,1879.4465603660578,1
horp1239,Daofu,zhangst,FIRE,2136,H0027,*mey,31.1,101.72,482.8843570753132,1
kach1280,Jingpho,zhangst,FIRE,2152,H0029,*bʷar ⪤ *pʷar,25.46,97.33,1238.5068277115624,0
khum1248,Khumi,zhangst,FIRE,2136,H0027,*mey,22.87,92.99,1719.924465261033,1
kinn1249,Kanauri,zhangst,FIRE,2136,H0027,*mey,31.37,78.31,2417.6428451081974,1
lahu1252,Lahu_Yellow,zhangst,FIRE,2136,H0027,*mey,21.21,100.97,1561.657401979799,1
lahu1253,Lahu_Lancang,zhangst,FIRE,2136,H0027,*mey,22.53,99.91,1442.3535694800225,1
lian1251,Liangmei,zhangst,FIRE,2136,H0027,*mey,25.16,93.54,1484.7323142297278,1
lizu1234,Lyuzu,zhangst,FIRE,2136,H0027,*mey,27.93,101.28,827.2838040143585,1
loth1237,Lotha_Naga,zhangst,FIRE,2136,H0027,*mey,26.01,94.04,1380.3561648639704,1
munc1235,Ngmüün,zhangst,FIRE,2136,H0027,*mey,20.29,94.39,1887.331625190324,1
muya1239,Muya_Minyak,zhangst,FIRE,2136,H0027,*mey,30.05,101.97,582.3469340764398,1
namu1246,Namuyi,zhangst,FIRE,2136,H0027,*mey,28.59,101.9,739.8149357016125,1
naxi1245,Naxi_Yongning,zhangst,FIRE,2136,H0027,*mey,26.7,101.01,965.8927434833855,1
nort2722,Qiang_Longxi,zhangst,FIRE,2136,H0027,*mey,31.54,103.38,389.0254036868315,1
nort2723,Pumi_Taoba,zhangst,FIRE,2136,H0027,*mey,28.16,100.86,816.5264589643625,1
nung1282,Anong,zhangst,FIRE,2136,H0027,*mey,27.29,98.73,992.8123230119365,1
nyis1236,Bengni,zhangst,FIRE,2136,H0027,*mey,28.41,92.96,1274.440260487905,1
quey1238,Queyu_Yajiang_Zhaba,zhangst,FIRE,2136,H0027,*mey,30.31,100.81,600.8636267474817,1
sang1321,Sangtam,zhangst,FIRE,2136,H0027,*mey,25.86,94.63,1355.0032104293748,1
shix1238,Xumi,zhangst,FIRE,2136,H0027,*mey,28.28,100.65,811.5861880406679,1
sout2729,Pumi_Qinghua,zhangst,FIRE,2136,H0027,*mey,26.87,99.46,1002.0297649270044,1
sumi1235,Sema_Sumi,zhangst,FIRE,2136,H0027,*mey,26.0,94.42,1356.4316352331837,1
tedi1235,Tiddim,zhangst,FIRE,1288,H0030,*r-may ⪤ *m-ray,23.61,93.52,1621.533954780017,0
thad1238,Thado,zhangst,FIRE,1288,H0030,*r-may ⪤ *m-ray,24.1,93.72,1565.6669582714248,0
thak1245,Thakali_Tukche,zhangst,FIRE,2136,H0027,*mey,28.7,83.65,2041.1501037601092,1
west2415,Tamang_Sahu,zhangst,FIRE,2136,H0027,*mey,28.02,85.06,1951.8247721436394,1
zeme1240,Zeme,zhangst,FIRE,2136,H0027,*mey,25.35,93.65,1461.4561759465382,1
akha1245,Aka,peirosst,FIRE,28-84,H0002,mi,21.2309,100.964,1559.4820020131797,0
bodo1269,Bodo,peirosst,FIRE,28-442,H0031,oʔr,26.1,92.0,1514.3147807715686,0
bugu1246,Bugun,peirosst,FIRE,28-84,H0032,boe,27.1929556,92.4713002,1397.7108462905592,0
chok1243,Chokri,peirosst,FIRE,28-84,H0002,me,25.5636,94.2887,1402.1576579808552,0
dakp1242,Motuo-M,peirosst,FIRE,28-84,H0002,mi,27.3762,91.8245,1433.357347104397,0
dhim1246,Dhimal,peirosst,FIRE,28-84,H0002,me,26.6283,88.3798,1754.9585738082192,0
dumi1241,Dumi,peirosst,FIRE,28-84,H0002,mi,27.45849,86.75699,1837.8112764037203,0
gang1266,Gangte,peirosst,FIRE,28-84,H0002,mei,24.5113,94.1681,1501.8344301275158,0
geba1237,Geba,peirosst,FIRE,28-84,H0033,miʔ⁵³,19.4991,96.9492,1857.7448661958715,0
geko1235,Geker,peirosst,FIRE,28-84,H0034,meiʔ⁵³_ʔu³³,19.6741,96.5308,1855.3871582257811,0
guiq1238,Guiqiong,peirosst,FIRE,28-84,H0035,mĩ³³_ta⁵³,30.4803,102.128,532.1592707848653,0
hmar1241,Hmar,peirosst,FIRE,28-84,H0002,mei,24.7534,93.5497,1518.9796936889322,0
jian1239,Jianchuan Bai,peirosst,FIRE,28-84,H0036,xui¹,26.538056,99.91,1018.5533770778444,0
jire1238,Jirel,peirosst,FIRE,28-84,H0037,me_T¹,27.6931,86.3201,1861.4178187731127,0
kaik1246,Kaike,peirosst,FIRE,28-84,H0038,myẽ,28.853,83.1384,2079.2320551462203,0
khez1235,Khezhama,peirosst,FIRE,28-84,H0002,eme,25.7078,94.3114,1388.329140200855,0
kony1248,Konyak,peirosst,FIRE,28-84,H0039,mē̃,26.6823,95.0598,1257.3335059898745,0
lepc1244,Lepcha,peirosst,FIRE,28-84,H0040,mí,27.0869,88.5726,1709.892734201602,0
mand1415,Beijing,peirosst,FIRE,28-84,H0041,xuǒ_,40.0209,116.228,1212.9701931691116,0
mani1292,Manipuri,peirosst,FIRE,28-84,H0002,mei,24.4409,93.3426,1559.176767978475,0
manu1255,Manu,peirosst,FIRE,28-84,H0042,mi⁴⁴,19.165,96.9531,1892.4512372553781,0
maon1238,Mao,peirosst,FIRE,28-84,H0002,ami,25.3836,94.0035,1435.7951713655502,0
mara1379,Maram,peirosst,FIRE,28-84,H0002,ami,25.4378,94.2205,1417.325019770518,0
mind1253,Fuzhou,peirosst,FIRE,28-84,H0043,xui³³,26.0,119.5,1787.1999293012702,0
nisi1238,Nishi,peirosst,FIRE,28-84,H0044,əm,23.418,104.85,1290.4818006264786,0
noct1238,Nocte,peirosst,FIRE,28-442,H0045,van,27.152,95.3903,1196.380669740511,0
nort2732,Tujia,peirosst,FIRE,28-84,H0002,mi¹,29.3016,109.759,833.5708207467916,0
nusu1239,Rourou,peirosst,FIRE,28-84,H0046,mi³¹_ɣa⁴⁴,26.7292,98.8801,1041.010914624464,0
paok1235,Pa'O,peirosst,FIRE,28-84,H0047,me³³,20.211,97.5969,1760.1738643219808,0
phom1236,Phom,peirosst,FIRE,28-4256,H0048,o,26.4715,94.7476,1295.3352260120537,0
poch1243,Pochuri,peirosst,FIRE,28-84,H0002,ani,25.4478,94.1119,1423.3641072082253,0
rawa1265,Rawang,peirosst,FIRE,28-84,H0049,thəmi,27.1027,97.0738,1097.6712001094809,0
reng1255,Rengma,peirosst,FIRE,28-84,H0050,ma,21.710864,92.367939,1862.0452875491565,0
sgaw1245,Sgaw,peirosst,FIRE,28-84,H0034,meʔ⁵³_ʔu⁴⁴,17.9872,97.7126,1991.2455924335136,0
sher1255,Sherpa,peirosst,FIRE,28-84,H0051,me_LR,27.674,86.9994,1804.9557638067263,0
sher1257,Serdukpen,peirosst,FIRE,28-84,H0052,ba,27.0035,92.5799,1403.678404660261,0
sout2728,S-Qiangqin,peirosst,FIRE,28-84,H0047,mi³³,31.5392,103.384,389.0585404202817,0
sunw1242,Sunwar,peirosst,FIRE,28-84,H0053,miːA,27.5201,86.2476,1877.3307121310345,0
tagi1241,Tagin,peirosst,FIRE,28-84,H0002,emə,27.986064,94.221711,1210.372626174659,0
tang1336,Tangkul,peirosst,FIRE,28-84,H0002,mei,25.0489,94.3567,1442.7178917144386,0
tara1313,Taraon,peirosst,FIRE,28-84,H0054,na³_mɨn¹,24.4003,94.1703,1511.6038011358826,0
tibe1272,Written Tibetan,peirosst,FIRE,28-84,H0002,me,28.3681,90.1872,1498.5541688374299,0
wanc1238,Wancho,peirosst,FIRE,28-442,H0045,van,26.2581,94.8936,1304.0843156058888,0
west2409,W. Kayah,peirosst,FIRE,28-84,H0002,mi¹¹,18.687,97.4877,1924.2319278583577,0
yamp1242,Yamphu,peirosst,FIRE,28-84,H0002,mi,27.6322,87.0441,1803.589647283499,0
yimc1240,Yimchunrü,peirosst,FIRE,28-84,H0055,mo,25.7675,94.8087,1351.8111670761573,0
yinb1236,Yeinbaw,peirosst,FIRE,28-84,H0056,mi²²,19.0383,97.2134,1896.5082534041449,0
yint1235,Yintale,peirosst,FIRE,28-84,H0047,miː³³,18.9378,97.3368,1902.8341701422619,0
youl1235,Jinuo,peirosst,FIRE,28-84,H0042,mi⁴⁴,22.0473,101.057,1468.4657729773623,0
acha1249,Burmish_Achang,sagartst,WATER,2787-thewater,H0000,t.i.⁵⁵,24.466605,97.89503,1310.4584507776617,0
amdo1237,Tibetan_Xiahe,sagartst,WATER,2787-thewater,H0001,tɕh.ə,35.210549,102.524979,136.2058003698103,0
bahi1252,Kiranti_Bahing,sagartst,WATER,1425-thewater,H0002,ʔ.b.ɔː.k.y,27.309472,86.430334,1873.971761115711,0
bant1281,Kiranti_Bantawa,sagartst,WATER,2834-thewater,H0003,ts.a.k.w.a,27.117894,87.049995,1833.369668838723,0
beij1235,Sinitic_Beijing,sagartst,WATER,2787-thewater,H0004,ʂ.u.ə.i.²¹⁴,39.909056,116.397422,1221.3770908753272,0
boka1249,Tani_Bokar,sagartst,WATER,2590-thewater,H0005,i.+.ɕ.i,27.554547,93.15717,1320.3083428062087,0
byan1241,TibetoKinauri_Byangsi,sagartst,WATER,2787-thewater,H0006,t.i,29.583838,80.22309,2308.4379711809743,0
chao1238,Sinitic_Chaozhou,sagartst,WATER,2787-thewater,H0007,ts.u.i.⁵³,23.657699,116.622317,1754.1158394768415,0
chao1239,Sinitic_Jieyang,sagartst,WATER,2787-thewater,H0007,ts.u.i.³¹,23.551122,116.373013,1746.4883636899253,0
chep1245,Chepang_Chepang,sagartst,WATER,2787-thewater,H0000,t.i.ʔ,27.785164,84.908801,1977.3216098637133,0
clas1254,Tibetan_Old_Tibetan,sagartst,WATER,2787-thewater,H0008,tɕʰ.u,30.027852,91.158704,1323.5200186334196,0
diga1241,Deng_Darang_Taraon,sagartst,WATER,2874-thewater,H0009,m.ɑ.³¹.◦.tɕ.i.⁵³,28.657986,97.469136,936.5037085239524,0
drun1238,Nungic_Dulong,sagartst,WATER,3060-thewater,H0010,w.ɑː.ŋ.⁵³,27.749017,98.691868,950.3989740917336,0
eree1240,Khroskyabs_Wobzi,sagartst,WATER,2787-thewater,H0011,j.d.ə̂,31.62758,101.427999,444.6359269168338,0
gahr1239,TibetoKinauri_Bunan,sagartst,WATER,2787-thewater,H0012,s.o.t.i,32.554766,77.076283,2495.6732125101294,0
garo1247,Garo_Garo,sagartst,WATER,2787-thewater,H0013,ch.i,25.504744,90.333226,1681.643687723516,0
guan1279,Sinitic_Guangzhou,sagartst,WATER,2787-thewater,H0014,s.ø.y.³⁵,23.131111,113.258099,1595.4352623846842,0
haka1240,Chin_Hakha,sagartst,WATER,2787-thewater,H0015,t.îi/i,22.870089,92.820021,1730.18005941497,0
hakk1236,Sinitic_Longgang,sagartst,WATER,2787-thewater,H0014,s.ʊ.y.³²,22.725545,114.243825,1688.2113071871474,0
horp1240,rGyalrong_Daofu,sagartst,WATER,2787-thewater,H0016,ɣ.r.ə,30.975281,101.123742,521.7054362968274,0
idum1241,Deng_Yidu,sagartst,WATER,2874-thewater,H0009,m.ɑ.⁵⁵.◦.tɕ.i.⁵⁵,29.448172,95.650179,998.3281775034461,0
japh1234,rGyalrong_Japhug,sagartst,WATER,3374-thewater,H0017,t.ɯ.◦.c.i,32.207076,101.957636,363.6022875593547,0
jing1260,Jingpho_Jingpho,sagartst,WATER,3369-thewater,H0018,kh.a.ʔ.³¹,25.461826,97.329866,1238.3367524045464,0
karb1241,Karbi,sagartst,WATER,10485-thewater,H0019,l.ā.ng,25.735084,93.050494,1469.3887328695669,0
khal1275,Kiranti_Khaling,sagartst,WATER,1425-thewater,H0020,k.u,27.390595,87.510016,1778.723827574318,0
kham1282,Tibetan_Batang,sagartst,WATER,2787-thewater,H0021,tɕʰ.ᴜ.⁵³,30.00795,99.111944,719.660588515105,0
kulu1253,Kiranti_Kulung,sagartst,WATER,1425-thewater,H0022,k.a.w.a,27.690037,86.910944,1811.506621426413,0
lash1243,Burmish_Lashi,sagartst,WATER,2787-thewater,H0023,k.j.e.i.³¹,24.111512,98.311333,1329.2153112599874,0
limb1266,Kiranti_Limbu,sagartst,WATER,2834-thewater,H0024,c.o.w.a.t,27.272065,87.889909,1754.3589546328221,0
lisu1250,Loloish_Lisu,sagartst,WATER,2683-thewater,H0025,e̱.³³.◦.dʑ.ɛ̱,25.950046,98.848486,1120.405191780101,0
lush1249,Mizo_Lushai,sagartst,WATER,2787-thewater,H0026,t.u.i,22.60535,92.629457,1765.4760217143903,0
maru1249,Burmish_Maru,sagartst,WATER,2787-thewater,H0027,ɣ.ə.k.³¹,24.939981,99.83,1188.2000081682343,0
nucl1310,Burmish_Rangoon,sagartst,WATER,2787-thewater,H0028,j.e.²²,16.874207,96.190785,2159.4171097168146,0
oldb1235,Burmish_Old_Burmese,sagartst,WATER,2787-thewater,H0029,r.i.j,21.624974,97.126742,1631.1373031732667,0
oldc1244,Sinitic_Old_Chinese,sagartst,WATER,2787-thewater,H0030,s.t.u.r.ʔ,34.101745,108.777868,448.7745727718275,0
pela1242,Burmish_Bola,sagartst,WATER,2787-thewater,H0031,ɣ.ə.i.⁵⁵,24.405004,98.234243,1302.401791237173,0
rabh1238,Rabha,sagartst,WATER,2787-thewater,H0032,tʃ.i.+.k.a,25.820135,91.170064,1596.0857772457657,0
rong1264,Tibeto_Kinauri_Rongpo,sagartst,WATER,2787-thewater,H0006,t.i,30.530044,79.569987,2331.452097172389,0
situ1238,rGyalrong_Maerkang,sagartst,WATER,3374-thewater,H0033,t.ə._.ȶʃ.i,31.868614,102.295293,382.42303892245303,0
tang1334,Tangut,sagartst,WATER,4193-thewater,H0034,z.j.ɨɨ/ɨː.r.²,38.477453,106.285383,436.9825453921547,0
thul1246,Kiranti_Thulung,sagartst,WATER,1425-thewater,H0020,k.u,27.534944,87.609608,1761.839893233349,0
tsha1245,Bodic_Tshangla,sagartst,WATER,2787-thewater,H0006,r.i,29.325414,95.340883,1030.033069380369,0
ukhr1238,Naga_Ukhrul,sagartst,WATER,2787-thewater,H0035,t.a.+.r.u,25.092617,94.37045,1438.025217355371,0
utsa1239,Tibetan_Lhasa,sagartst,WATER,2787-thewater,H0021,tɕʰ.u.⁵⁵,29.653441,91.171493,1342.5052526765019,0
wayu1241,Kiranti_Hayu,sagartst,WATER,2787-thewater,H0006,t.i,27.302102,86.099009,1902.3678956586232,0
xian1249,Burmish_Xiandao,sagartst,WATER,2787-thewater,H0000,t.i.⁵⁵,24.494153,97.753173,1313.8804221116504,0
zaiw1241,Burmish_Atsi,sagartst,WATER,2787-thewater,H0007,v.u.i.⁵¹,24.193367,97.806689,1341.7666725001268,0
zhab1238,Qiangic_Zhaba,sagartst,WATER,2019-thewater,H0036,t.ʌ.¹³,30.538892,101.058397,567.117814082663,0
anga1288,Angami_Kohima,zhangst,WATER,1631,H0037,*tsyu,25.68,93.87,1419.2177840500897,0
aona1235,Ao_Mongsen_Longchang,zhangst,WATER,1631,H0037,*tsyu,26.27,94.41,1334.2861662782211,0
apat1240,Apatani,zhangst,WATER,189,H0038,*si,27.19,93.73,1306.3871926688134,0
aton1241,Atong,zhangst,WATER,298,H0039,*m-t(w)əy-n ⪤ *m-ti-s,25.35,90.66,1669.148903530942,1
bodo1269,Bodo,zhangst,WATER,298,H0039,*m-t(w)əy-n ⪤ *m-ti-s,26.73,89.33,1672.2226284063483,1
bori1243,Bokar_Lhoba,zhangst,WATER,189,H0038,*si,29.06,94.22,1133.1330115671553,0
chan1313,Chang,zhangst,WATER,298,H0039,*m-t(w)əy-n ⪤ *m-ti-s,26.43,94.95,1285.8035143462516,1
daai1236,Daai,zhangst,WATER,298,H0039,*m-t(w)əy-n ⪤ *m-ti-s,20.73,93.79,1874.81478135572,1
dima1251,Dimasa,zhangst,WATER,298,H0039,*m-t(w)əy-n ⪤ *m-ti-s,25.42,93.18,1486.5672045489355,1
guru1261,Gurung_Ghachok,zhangst,WATER,1631,H0037,*tsyu,27.42,86.29,1879.4465603660578,0
khum1248,Khumi,zhangst,WATER,298,H0039,*m-t(w)əy-n ⪤ *m-ti-s,22.87,92.99,1719.924465261033,1
kinn1249,Kanauri,zhangst,WATER,298,H0039,*m-t(w)əy-n ⪤ *m-ti-s,31.37,78.31,2417.6428451081974,1
kony1248,Konyak,zhangst,WATER,7197,H0040,*C̥-yuːŋ,26.68,95.06,1257.5151356753129,0
lian1251,Liangmei,zhangst,WATER,298,H0039,*m-t(w)əy-n ⪤ *m-ti-s,25.16,93.54,1484.7323142297278,1
loth1237,Lotha_Naga,zhangst,WATER,1631,H0037,*tsyu,26.01,94.04,1380.3561648639704,0
marm1234,Marma,zhangst,WATER,1013,H0041,*rəy,22.76,92.21,1777.4888502932536,0
munc1235,Ngmüün,zhangst,WATER,298,H0039,*m-t(w)əy-n ⪤ *m-ti-s,20.29,94.39,1887.331625190324,1
namu1246,Namuyi,zhangst,WATER,1631,H0037,*tsyu,28.59,101.9,739.8149357016125,0
naxi1245,Naxi_Yongning,zhangst,WATER,1631,H0037,*tsyu,26.7,101.01,965.8927434833855,0
ngal1291,Matu,zhangst,WATER,298,H0039,*m-t(w)əy-n ⪤ *m-ti-s,23.31,92.83,1690.38538303229,1
nung1282,Anong,zhangst,WATER,298,H0039,*m-t(w)əy-n ⪤ *m-ti-s,27.29,98.73,992.8123230119365,1
nyis1236,Bengni,zhangst,WATER,189,H0038,*si,28.41,92.96,1274.440260487905,0
paok1235,Pa_O,zhangst,WATER,298,H0039,*m-t(w)əy-n ⪤ *m-ti-s,20.21,97.6,1760.1703325831961,1
patt1248,Pattani_Manchati,zhangst,WATER,298,H0039,*m-t(w)əy-n ⪤ *m-ti-s,32.7,76.6,2535.251680164836,1
phom1236,Phom,zhangst,WATER,7197,H0040,*C̥-yuːŋ,26.47,94.75,1295.3058601571809,0
quey1238,Queyu_Yajiang_Zhaba,zhangst,WATER,1013,H0041,*rəy,30.31,100.81,600.8636267474817,0
sang1321,Sangtam,zhangst,WATER,7611,H0038,*ki,25.86,94.63,1355.0032104293748,0
sumi1235,Sema_Sumi,zhangst,WATER,1631,H0037,*tsyu,26.0,94.42,1356.4316352331837,0
tang1336,Tangkhul,zhangst,WATER,298,H0039,*m-t(w)əy-n ⪤ *m-ti-s,25.05,94.36,1442.4179195756658,1
tedi1235,Tiddim,zhangst,WATER,298,H0039,*m-t(w)əy-n ⪤ *m-ti-s,23.61,93.52,1621.533954780017,1
thad1238,Thado,zhangst,WATER,298,H0039,*m-t(w)əy-n ⪤ *m-ti-s,24.1,93.72,1565.6669582714248,1
thak1245,Thakali_Tukche,zhangst,WATER,1631,H0037,*tsyu,28.7,83.65,2041.1501037601092,0
tibe1272,Tibetan_Lhasa,zhangst,WATER,1631,H0037,*tsyu,28.37,90.19,1498.2093718985184,0
west2415,Tamang_Sahu,zhangst,WATER,1631,H0037,*tsyu,28.02,85.06,1951.8247721436394,0
west2418,Magar,zhangst,WATER,298,H0039,*m-t(w)əy-n ⪤ *m-ti-s,27.41,87.06,1815.1803177670772,1
wudi1238,Yi_Wuding,zhangst,WATER,1013,H0041,*rəy,25.48,102.48,1068.5522927948527,0
xish1235,Yi_Nanjian,zhangst,WATER,1013,H0041,*rəy,25.04,100.52,1156.8238573825931,0
zeme1240,Zeme,zhangst,WATER,298,H0039,*m-t(w)əy-n ⪤ *m-ti-s,25.35,93.65,1461.4561759465382,1
akha1245,Aka,peirosst,WATER,94-2635,H0020,khu,21.2309,100.964,1559.4820020131797,0
bugu1246,Bugun,peirosst,WATER,94-2635,H0020,kho,27.1929556,92.4713002,1397.7108462905592,0
chok1243,Chokri,peirosst,WATER,94-1228,H0042,zɨ,25.5636,94.2887,1402.1576579808552,0
dakp1242,Motuo-M,peirosst,WATER,94-646,H0006,ri,27.3762,91.8245,1433.357347104397,0
dhim1246,Dhimal,peirosst,WATER,94-1228,H0043,ci,26.6283,88.3798,1754.9585738082192,0
dumi1241,Dumi,peirosst,WATER,94-2635,H0044,kaNkɨ,27.45849,86.75699,1837.8112764037203,0
ersu1241,Ersu,peirosst,WATER,94-1228,H0045,dʒo⁵⁵,29.2867,102.213,657.1519811895388,0
gang1266,Gangte,peirosst,WATER,94-990,H0006,tui,24.5113,94.1681,1501.8344301275158,0
geba1237,Geba,peirosst,WATER,94-990,H0046,tʃi⁴⁴,19.4991,96.9492,1857.7448661958715,0
geko1235,Geker,peirosst,WATER,94-990,H0047,shɣɨ⁵⁵,19.6741,96.5308,1855.3871582257811,0
guiq1238,Guiqiong,peirosst,WATER,94-1228,H0048,tʃɨ⁵³,30.4803,102.128,532.1592707848653,0
hmar1241,Hmar,peirosst,WATER,94-990,H0006,tui,24.7534,93.5497,1518.9796936889322,0
horp1239,Horpa,peirosst,WATER,94-646,H0049,ɣre,31.1026,101.72,482.62341014481547,0
jian1239,Jianchuan Bai,peirosst,WATER,94-990,H0050,śui¹,26.538056,99.91,1018.5533770778444,0
jire1238,Jirel,peirosst,WATER,94-1324,H0051,čhu_T²,27.6931,86.3201,1861.4178187731127,0
kach1280,Jingpo,peirosst,WATER,94-1140,H0052,n³¹_ci̲n³³,25.4634,97.3278,1238.2866406889661,0
kaik1246,Kaike,peirosst,WATER,94-990,H0053,ṭyu,28.853,83.1384,2079.2320551462203,0
khez1235,Khezhama,peirosst,WATER,94-1228,H0054,ʒɨ,25.7078,94.3114,1388.329140200855,0
lepc1244,Lepcha,peirosst,WATER,94-2008,H0055,uŋ,27.0869,88.5726,1709.892734201602,0
mand1415,Beijing,peirosst,WATER,94-990,H0056,shǔi_,40.0209,116.228,1212.9701931691116,0
mani1292,Manipuri,peirosst,WATER,94-1140,H0038,isiŋ,24.4409,93.3426,1559.176767978475,0
manu1255,Manu,peirosst,WATER,94-990,H0057,ʃhi¹¹,19.165,96.9531,1892.4512372553781,0
maon1238,Mao,peirosst,WATER,94-1228,H0054,oʒɨ,25.3836,94.0035,1435.7951713655502,0
mara1379,Maram,peirosst,WATER,94-1228,H0058,adu,25.4378,94.2205,1417.325019770518,0
mind1253,Fuzhou,peirosst,WATER,94-990,H0059,cui⁵²,26.0,119.5,1787.1999293012702,0
nisi1238,Nishi,peirosst,WATER,94-1228,H0038,isi,23.418,104.85,1290.4818006264786,0
noct1238,Nocte,peirosst,WATER,94-1324,H0060,ʒo,27.152,95.3903,1196.380669740511,0
nort2722,N-Qiang,peirosst,WATER,94-1228,H0061,cə,32.2766,103.192,311.9257304859849,0
nort2732,Tujia,peirosst,WATER,94-1228,H0062,chie⁴,29.3016,109.759,833.5708207467916,0
nusu1239,Rourou,peirosst,WATER,94-646,H0063,ɣæ³³,26.7292,98.8801,1041.010914624464,0
poch1243,Pochuri,peirosst,WATER,94-1228,H0058,aʒu,25.4478,94.1119,1423.3641072082253,0
rawa1265,Rawang,peirosst,WATER,94-990,H0006,thi,27.1027,97.0738,1097.6712001094809,0
reng1255,Rengma,peirosst,WATER,94-1228,H0054,ʒɨ,21.710864,92.367939,1862.0452875491565,0
sgaw1245,Sgaw,peirosst,WATER,94-990,H0046,thi⁴⁴,17.9872,97.7126,1991.2455924335136,0
sher1255,Sherpa,peirosst,WATER,94-1324,H0064,chuHR,27.674,86.9994,1804.9557638067263,0
sher1257,Serdukpen,peirosst,WATER,94-2635,H0020,kho,27.0035,92.5799,1403.678404660261,0
shix1238,Shixing,peirosst,WATER,94-1228,H0065,ʒ́ɛ⁵⁵,28.3895,100.4,809.95462841048,0
sout2728,S-Qiangqin,peirosst,WATER,94-1228,H0066,cuə³³,31.5392,103.384,389.0585404202817,0
sunw1242,Sunwar,peirosst,WATER,94-2635,H0067,baːkkuA,27.5201,86.2476,1877.3307121310345,0
tagi1241,Tagin,peirosst,WATER,94-1228,H0038,isi,27.986064,94.221711,1210.372626174659,0
tara1313,Taraon,peirosst,WATER,94-1228,H0068,ma³_ći⁴,24.4003,94.1703,1511.6038011358826,0
wanc1238,Wancho,peirosst,WATER,94-990,H0006,ti,26.2581,94.8936,1304.0843156058888,0
west2409,W. Kayah,peirosst,WATER,94-990,H0069,thie³³,18.687,97.4877,1924.2319278583577,0
yamp1242,Yamphu,peirosst,WATER,94-4377,H0070,yoŋa,27.6322,87.0441,1803.589647283499,0
yimc1240,Yimchunrü,peirosst,WATER,94-2635,H0071,ke,25.7675,94.8087,1351.8111670761573,0
yinb1236,Yeinbaw,peirosst,WATER,94-990,H0047,ʃhɨ⁵⁵,19.0383,97.2134,1896.5082534041449,0
yint1235,Yintale,peirosst,WATER,94-990,H0072,thɛ⁵⁵,18.9378,97.3368,1902.8341701422619,0
youl1235,Jinuo,peirosst,WATER,94-646,H0073,e⁴²_tʃho⁵⁵,22.0473,101.057,1468.4657729773623,0
acha1249,Burmish_Achang,sagartst,STONE,10317-thestoneapieceof,H0000,l.a.ŋ.³¹.k.ɔ.ʔ.⁵⁵,24.466605,97.89503,1310.4584507776617,0
amdo1237,Tibetan_Alike,sagartst,STONE,3156-thestoneapieceof,H0001,r.d.o,38.318508,92.839938,1060.7989143961886,0
bahi1252,Kiranti_Bahing,sagartst,STONE,81-thestoneapieceof,H0002,l.u.ŋ,27.309472,86.430334,1873.971761115711,0
bant1281,Kiranti_Bantawa,sagartst,STONE,81-thestoneapieceof,H0002,l.u.ŋ,27.117894,87.049995,1833.369668838723,0
beij1235,Sinitic_Beijing,sagartst,STONE,1841-thestoneapieceof,H0003,ʂ.ʅ.³⁵.tʰ.o.u.⁰,39.909056,116.397422,1221.3770908753272,0
boka1249,Tani_Bokar,sagartst,STONE,81-thestoneapieceof,H0004,ɯ.+.l.ɯ.ŋ,27.554547,93.15717,1320.3083428062087,0
byan1241,TibetoKinauri_Byangsi,sagartst,STONE,81-thestoneapieceof,H0005,u.ŋ,29.583838,80.22309,2308.4379711809743,0
chao1238,Sinitic_Chaozhou,sagartst,STONE,1841-thestoneapieceof,H0006,ts.i.ɛ.ʔ.⁵,23.657699,116.622317,1754.1158394768415,0
chao1239,Sinitic_Jieyang,sagartst,STONE,1841-thestoneapieceof,H0006,ts.i.ɔ.ʔ.⁵,23.551122,116.373013,1746.4883636899253,0
chep1245,Chepang_Chepang,sagartst,STONE,3890-thestoneapieceof,H0007,b.a.ŋ,27.785164,84.908801,1977.3216098637133,0
clas1254,Tibetan_Old_Tibetan,sagartst,STONE,3156-thestoneapieceof,H0001,r.d.o,30.027852,91.158704,1323.5200186334196,0
diga1241,Deng_Darang_Taraon,sagartst,STONE,10580-thestoneapieceof,H0008,ph.l.ɑ.ŋ.³⁵,28.657986,97.469136,936.5037085239524,0
drun1238,Nungic_Dulong,sagartst,STONE,81-thestoneapieceof,H0009,l.u.ŋ.⁵⁵,27.749017,98.691868,950.3989740917336,0
eree1240,Khroskyabs_Wobzi,sagartst,STONE,3598-thestoneapieceof,H0010,r.g.ə.m.é,31.62758,101.427999,444.6359269168338,0
gahr1239,TibetoKinauri_Bunan,sagartst,STONE,856-thestoneapieceof,H0011,g.r.a.ŋ,32.554766,77.076283,2495.6732125101294,0
garo1247,Garo_Garo,sagartst,STONE,81-thestoneapieceof,H0012,r.o.ŋ.ʔ.+.t.e,25.504744,90.333226,1681.643687723516,0
guan1279,Sinitic_Guangzhou,sagartst,STONE,1841-thestoneapieceof,H0013,s.ɛ.k.².tʰ.ɐ.u.²¹,23.131111,113.258099,1595.4352623846842,0
haka1240,Chin_Hakha,sagartst,STONE,81-thestoneapieceof,H0002,l.û/u.ŋ,22.870089,92.820021,1730.18005941497,0
hakk1236,Sinitic_Longgang,sagartst,STONE,1841-thestoneapieceof,H0014,s.a.k.⁵.k.u.³²,22.725545,114.243825,1688.2113071871474,0
horp1240,rGyalrong_Daofu,sagartst,STONE,3598-thestoneapieceof,H0010,r.g.ə.+.m.a,30.975281,101.123742,521.7054362968274,0
idum1241,Deng_Yidu,sagartst,STONE,10580-thestoneapieceof,H0015,ɑ.³¹.◦.l.ɑ.ŋ.⁵⁵,29.448172,95.650179,998.3281775034461,0
jing1260,Jingpho_Jingpho,sagartst,STONE,81-thestoneapieceof,H0015,n.³¹.◦.l.u.ŋ.³¹,25.461826,97.329866,1238.3367524045464,0
karb1241,Karbi,sagartst,STONE,81-thestoneapieceof,H0016,a.r.l.ō.ng,25.735084,93.050494,1469.3887328695669,0
khal1275,Kiranti_Khaling,sagartst,STONE,81-thestoneapieceof,H0002,l.ū.ŋ,27.390595,87.510016,1778.723827574318,0
kham1282,Tibetan_Batang,sagartst,STONE,3156-thestoneapieceof,H0017,d.ᴜ.⁵³,30.00795,99.111944,719.660588515105,0
kulu1253,Kiranti_Kulung,sagartst,STONE,81-thestoneapieceof,H0002,l.u.ŋ,27.690037,86.910944,1811.506621426413,0
lash1243,Burmish_Lashi,sagartst,STONE,874-thestoneapieceof,H0000,l.u.k.³¹.ts.ə.ŋ.³¹,24.111512,98.311333,1329.2153112599874,0
limb1266,Kiranti_Limbu,sagartst,STONE,81-thestoneapieceof,H0002,l.u.ŋ,27.272065,87.889909,1754.3589546328221,0
lisu1250,Loloish_Lisu,sagartst,STONE,3582-thestoneapieceof,H0018,l.o̱.³³.◦.tsʰ.i.³⁵,25.950046,98.848486,1120.405191780101,0
lush1249,Mizo_Lushai,sagartst,STONE,81-thestoneapieceof,H0002,l.u.ŋ,22.60535,92.629457,1765.4760217143903,0
maru1249,Burmish_Maru,sagartst,STONE,874-thestoneapieceof,H0000,l.au.k.³¹.ts.a.ŋ.³¹,24.939981,99.83,1188.2000081682343,0
nucl1310,Burmish_Rangoon,sagartst,STONE,1078-thestoneapieceof,H0019,tɕ.ɑu.ʔ.⁴,16.874207,96.190785,2159.4171097168146,0
oldb1235,Burmish_Old_Burmese,sagartst,STONE,1078-thestoneapieceof,H0020,k.j.o.k,21.624974,97.126742,1631.1373031732667,0
oldc1244,Sinitic_Old_Chinese,sagartst,STONE,1841-thestoneapieceof,H0021,d.ᴀ.k,34.101745,108.777868,448.7745727718275,0
pela1242,Burmish_Bola,sagartst,STONE,874-thestoneapieceof,H0000,l.au.ʔ.³¹.t.a.ŋ.³¹,24.405004,98.234243,1302.401791237173,0
rabh1238,Rabha,sagartst,STONE,81-thestoneapieceof,H0010,r.ó.ŋ.+.k.a,25.820135,91.170064,1596.0857772457657,0
rong1264,Tibeto_Kinauri_Rongpo,sagartst,STONE,10581-thestoneapieceof,H0005,u.ŋ,30.530044,79.569987,2331.452097172389,0
situ1238,rGyalrong_Maerkang,sagartst,STONE,3594-thestoneapieceof,H0022,ɟ.j.ə._.l.ə.k,31.868614,102.295293,382.42303892245303,0
tang1334,Tangut,sagartst,STONE,10582-thestoneapieceof,H0023,l.ụ.¹,38.477453,106.285383,436.9825453921547,0
thul1246,Kiranti_Thulung,sagartst,STONE,81-thestoneapieceof,H0002,l.u.ŋ,27.534944,87.609608,1761.839893233349,0
tsha1245,Bodic_Tshangla,sagartst,STONE,81-thestoneapieceof,H0002,l.u.ŋ,29.325414,95.340883,1030.033069380369,0
ukhr1238,Naga_Ukhrul,sagartst,STONE,81-thestoneapieceof,H0024,ŋ.ə.+.l.u.ŋ,25.092617,94.37045,1438.025217355371,0
utsa1239,Tibetan_Lhasa,sagartst,STONE,3156-thestoneapieceof,H0025,t.o.¹³,29.653441,91.171493,1342.5052526765019,0
wayu1241,Kiranti_Hayu,sagartst,STONE,81-thestoneapieceof,H0026,l.ʊ̃ː.pʰ.ʊ,27.302102,86.099009,1902.3678956586232,0
xian1249,Burmish_Xiandao,sagartst,STONE,874-thestoneapieceof,H0000,l.u.ʔ.⁵⁵.k.o.ʔ.⁵⁵,24.494153,97.753173,1313.8804221116504,0
zaiw1241,Burmish_Atsi,sagartst,STONE,874-thestoneapieceof,H0000,l.u.ʔ.²¹.k.o.k.²¹,24.193367,97.806689,1341.7666725001268,0
zhab1238,Qiangic_Zhaba,sagartst,STONE,3594-thestoneapieceof,H0027,j.e.⁵⁵.◦.p.o.⁵⁵,30.538892,101.058397,567.117814082663,0
aona1235,Ao_Mongsen_Longchang,zhangst,STONE,1269,H0028,*r-lu(ŋ/k),26.27,94.41,1334.2861662782211,1
apat1240,Apatani,zhangst,STONE,1269,H0028,*r-lu(ŋ/k),27.19,93.73,1306.3871926688134,1
aton1241,Atong,zhangst,STONE,1269,H0028,*r-lu(ŋ/k),25.35,90.66,1669.148903530942,1
axiy1235,Yi_Mile,zhangst,STONE,1269,H0028,*r-lu(ŋ/k),24.41,103.43,1178.8331988358536,1
bori1243,Bokar_Lhoba,zhangst,STONE,1269,H0028,*r-lu(ŋ/k),29.06,94.22,1133.1330115671553,1
chak1270,Sak,zhangst,STONE,1269,H0028,*r-lu(ŋ/k),21.41,92.6,1876.0629234135547,1
chan1313,Chang,zhangst,STONE,1269,H0028,*r-lu(ŋ/k),26.43,94.95,1285.8035143462516,1
daai1236,Daai,zhangst,STONE,1269,H0028,*r-lu(ŋ/k),20.73,93.79,1874.81478135572,1
dima1251,Dimasa,zhangst,STONE,1269,H0028,*r-lu(ŋ/k),25.42,93.18,1486.5672045489355,1
hani1248,Hani_Caiyuan,zhangst,STONE,1269,H0028,*r-lu(ŋ/k),23.26,101.64,1325.2665676798108,1
honi1244,Hani_Mojiang,zhangst,STONE,1269,H0028,*r-lu(ŋ/k),23.21,101.89,1326.8102154096596,1
jiar1240,Caodeng,zhangst,STONE,2166,H0029,*b-rak,31.6,102.23,412.27737981042077,0
kach1280,Jingpho,zhangst,STONE,1269,H0028,*r-lu(ŋ/k),25.46,97.33,1238.5068277115624,1
kaya1315,Kayan_Pekon,zhangst,STONE,1269,H0028,*r-lu(ŋ/k),19.52,97.41,1839.1364121276622,1
khum1248,Khumi,zhangst,STONE,4677,H0030,*suaŋ,22.87,92.99,1719.924465261033,0
kinn1249,Kanauri,zhangst,STONE,2166,H0029,*b-rak,31.37,78.31,2417.6428451081974,0
kony1248,Konyak,zhangst,STONE,1269,H0028,*r-lu(ŋ/k),26.68,95.06,1257.5151356753129,1
lahu1252,Lahu_Yellow,zhangst,STONE,2166,H0029,*b-rak,21.21,100.97,1561.657401979799,0
lahu1253,Lahu_Lancang,zhangst,STONE,2166,H0029,*b-rak,22.53,99.91,1442.3535694800225,0
lizu1234,Lyuzu,zhangst,STONE,1269,H0028,*r-lu(ŋ/k),27.93,101.28,827.2838040143585,1
loth1237,Lotha_Naga,zhangst,STONE,1269,H0028,*r-lu(ŋ/k),26.01,94.04,1380.3561648639704,1
mana1288,Manang_Prakaa,zhangst,STONE,1269,H0028,*r-lu(ŋ/k),28.64,84.05,2008.7807100942473,1
marm1234,Marma,zhangst,STONE,1269,H0028,*r-lu(ŋ/k),22.76,92.21,1777.4888502932536,1
munc1235,Ngmüün,zhangst,STONE,1269,H0028,*r-lu(ŋ/k),20.29,94.39,1887.331625190324,1
namu1246,Namuyi,zhangst,STONE,1269,H0028,*r-lu(ŋ/k),28.59,101.9,739.8149357016125,1
naxi1245,Naxi_Yongning,zhangst,STONE,1269,H0028,*r-lu(ŋ/k),26.7,101.01,965.8927434833855,1
ngal1291,Matu,zhangst,STONE,1269,H0028,*r-lu(ŋ/k),23.31,92.83,1690.38538303229,1
nort2722,Qiang_Longxi,zhangst,STONE,1269,H0028,*r-lu(ŋ/k),31.54,103.38,389.0254036868315,1
nung1282,Anong,zhangst,STONE,1269,H0028,*r-lu(ŋ/k),27.29,98.73,992.8123230119365,1
nusu1239,Nusu_Northern,zhangst,STONE,1269,H0028,*r-lu(ŋ/k),26.62,98.9,1050.9938010018714,1
nyis1236,Bengni,zhangst,STONE,1269,H0028,*r-lu(ŋ/k),28.41,92.96,1274.440260487905,1
paok1235,Pa_O,zhangst,STONE,1269,H0028,*r-lu(ŋ/k),20.21,97.6,1760.1703325831961,1
patt1248,Pattani_Manchati,zhangst,STONE,1269,H0028,*r-lu(ŋ/k),32.7,76.6,2535.251680164836,1
phom1236,Phom,zhangst,STONE,1269,H0028,*r-lu(ŋ/k),26.47,94.75,1295.3058601571809,1
quey1238,Queyu_Yajiang_Zhaba,zhangst,STONE,1269,H0028,*r-lu(ŋ/k),30.31,100.81,600.8636267474817,1
sang1321,Sangtam,zhangst,STONE,1269,H0028,*r-lu(ŋ/k),25.86,94.63,1355.0032104293748,1
sani1269,Yi_Sani,zhangst,STONE,1269,H0028,*r-lu(ŋ/k),24.28,103.76,1192.2339615073279,1
sgaw1245,Karen,zhangst,STONE,1269,H0028,*r-lu(ŋ/k),17.99,97.71,1991.0280453629032,1
shix1238,Xumi,zhangst,STONE,1269,H0028,*r-lu(ŋ/k),28.28,100.65,811.5861880406679,1
sout2723,Yi_Mojiang,zhangst,STONE,1269,H0028,*r-lu(ŋ/k),23.06,101.41,1351.1718893131542,1
sunw1242,Sunwar,zhangst,STONE,1269,H0028,*r-lu(ŋ/k),27.52,86.25,1877.1328522280241,1
tang1336,Tangkhul,zhangst,STONE,1269,H0028,*r-lu(ŋ/k),25.05,94.36,1442.4179195756658,1
tawa1289,Cuona_Menba,zhangst,STONE,2166,H0029,*b-rak,27.77,92.18,1378.5846982315834,0
tedi1235,Tiddim,zhangst,STONE,4677,H0030,*suaŋ,23.61,93.52,1621.533954780017,0
thad1238,Thado,zhangst,STONE,4677,H0030,*suaŋ,24.1,93.72,1565.6669582714248,0
thak1245,Thakali_Tukche,zhangst,STONE,1269,H0028,*r-lu(ŋ/k),28.7,83.65,2041.1501037601092,1
tibe1272,Tibetan_Lhasa,zhangst,STONE,2166,H0029,*b-rak,28.37,90.19,1498.2093718985184,0
west2415,Tamang_Sahu,zhangst,STONE,1269,H0028,*r-lu(ŋ/k),28.02,85.06,1951.8247721436394,1
west2418,Magar,zhangst,STONE,1269,H0028,*r-lu(ŋ/k),27.41,87.06,1815.1803177670772,1
wudi1238,Yi_Wuding,zhangst,STONE,1269,H0028,*r-lu(ŋ/k),25.48,102.48,1068.5522927948527,1
wusa1235,Yi_Dafang,zhangst,STONE,1269,H0028,*r-lu(ŋ/k),25.77,102.37,1038.1183765271992,1
youl1235,Jinuo_Youle,zhangst,STONE,1269,H0028,*r-lu(ŋ/k),22.05,101.06,1468.113776753375,1
akha1245,Aka,peirosst,STONE,81-1922,H0031,kunu,21.2309,100.964,1559.4820020131797,0
bodo1269,Bodo,peirosst,STONE,81-1922,H0032,ontaʔj,26.1,92.0,1514.3147807715686,0
bugu1246,Bugun,peirosst,STONE,81-4446,H0033,lapau,27.1929556,92.4713002,1397.7108462905592,0
chok1243,Chokri,peirosst,STONE,81-4348,H0034,kɨcɨ,25.5636,94.2887,1402.1576579808552,0
dakp1242,Motuo-M,peirosst,STONE,81-1922,H0035,luŋ,27.3762,91.8245,1433.357347104397,0
dhim1246,Dhimal,peirosst,STONE,81-872,H0036,unthui,26.6283,88.3798,1754.9585738082192,0
dumi1241,Dumi,peirosst,STONE,81-1922,H0035,lu,27.45849,86.75699,1837.8112764037203,0
ersu1241,Ersu,peirosst,STONE,81-2420,H0037,ər⁵⁵_khua⁵⁵,29.2867,102.213,657.1519811895388,0
gang1266,Gangte,peirosst,STONE,81-1639,H0038,suoŋ,24.5113,94.1681,1501.8344301275158,0
geba1237,Geba,peirosst,STONE,81-1922,H0039,loʔ⁵³,19.4991,96.9492,1857.7448661958715,0
geko1235,Geker,peirosst,STONE,81-1922,H0039,ləoʔ⁵³,19.6741,96.5308,1855.3871582257811,0
guiq1238,Guiqiong,peirosst,STONE,81-1922,H0040,ɣũ³³_mphö⁵⁵,30.4803,102.128,532.1592707848653,0
guru1261,Gurung,peirosst,STONE,81-1922,H0041,yu²ma,27.41687,86.28988,1879.6360426266672,0
hmar1241,Hmar,peirosst,STONE,81-1922,H0035,luŋ,24.7534,93.5497,1518.9796936889322,0
horp1239,Horpa,peirosst,STONE,81-2420,H0042,rgə_ma,31.1026,101.72,482.62341014481547,0
jian1239,Jianchuan Bai,peirosst,STONE,81-872,H0043,co²_khui⁴,26.538056,99.91,1018.5533770778444,0
jire1238,Jirel,peirosst,STONE,81-872,H0044,do_L²,27.6931,86.3201,1861.4178187731127,0
kaik1246,Kaike,peirosst,STONE,81-1922,H0035,luŋ,28.853,83.1384,2079.2320551462203,0
khez1235,Khezhama,peirosst,STONE,81-4348,H0045,eco,25.7078,94.3114,1388.329140200855,0
lepc1244,Lepcha,peirosst,STONE,81-1922,H0035,lăŋ,27.0869,88.5726,1709.892734201602,0
lian1251,Liangmai,peirosst,STONE,81-4348,H0046,tatu,25.16,93.542,1484.602698770293,0
mand1415,Beijing,peirosst,STONE,81-872,H0047,shítou_śY,40.0209,116.228,1212.9701931691116,0
mani1292,Manipuri,peirosst,STONE,81-1922,H0035,nuŋ,24.4409,93.3426,1559.176767978475,0
manu1255,Manu,peirosst,STONE,81-1922,H0048,lø̣⁴⁴⁵⁵,19.165,96.9531,1892.4512372553781,0
maon1238,Mao,peirosst,STONE,81-4348,H0049,ocu,25.3836,94.0035,1435.7951713655502,0
mara1379,Maram,peirosst,STONE,81-4348,H0050,ato,25.4378,94.2205,1417.325019770518,0
mind1253,Fuzhou,peirosst,STONE,81-872,H0051,suok³_thau⁵²,26.0,119.5,1787.1999293012702,0
nisi1238,Nishi,peirosst,STONE,81-1922,H0052,əli,23.418,104.85,1290.4818006264786,0
noct1238,Nocte,peirosst,STONE,81-1922,H0035,loŋ,27.152,95.3903,1196.380669740511,0
nort2732,Tujia,peirosst,STONE,81-207,H0053,ɣa⁴_pa⁴,29.3016,109.759,833.5708207467916,0
poch1243,Pochuri,peirosst,STONE,81-1922,H0050,alo,25.4478,94.1119,1423.3641072082253,0
rawa1265,Rawang,peirosst,STONE,81-1922,H0035,luŋ,27.1027,97.0738,1097.6712001094809,0
reng1255,Rengma,peirosst,STONE,81-4348,H0045,co,21.710864,92.367939,1862.0452875491565,0
sher1255,Sherpa,peirosst,STONE,81-872,H0054,do,27.674,86.9994,1804.9557638067263,0
sher1257,Serdukpen,peirosst,STONE,81-1922,H0035,luŋ,27.0035,92.5799,1403.678404660261,0
sout2728,S-Qiangqin,peirosst,STONE,81-1922,H0055,ʁo²⁴¹,31.5392,103.384,389.0585404202817,0
tagi1241,Tagin,peirosst,STONE,81-1922,H0052,əliŋ,27.986064,94.221711,1210.372626174659,0
tara1313,Taraon,peirosst,STONE,81-1922,H0056,phlaŋ²,24.4003,94.1703,1511.6038011358826,0
wanc1238,Wancho,peirosst,STONE,81-1922,H0035,loŋ,26.2581,94.8936,1304.0843156058888,0
west2409,W. Kayah,peirosst,STONE,81-1922,H0057,lɔ̣⁴⁴,18.687,97.4877,1924.2319278583577,0
yamp1242,Yamphu,peirosst,STONE,81-1922,H0058,ruŋguʔwa,27.6322,87.0441,1803.589647283499,0
yimc1240,Yimchunrü,peirosst,STONE,81-1922,H0035,luŋ,25.7675,94.8087,1351.8111670761573,0
yinb1236,Yeinbaw,peirosst,STONE,81-1922,H0059,lṿo¹¹_phɔ⁵⁵,19.0383,97.2134,1896.5082534041449,0
yint1235,Yintale,peirosst,STONE,81-1922,H0060,ləvw¹¹,18.9378,97.3368,1902.8341701422619,0
zeme1240,Zeme,peirosst,STONE,81-4348,H0061,tiŋchu,25.3499,93.6463,1461.7053157246803,0
